{
	"class_name" : "PinholeCameraParameters",
	"extrinsic" : 
	[
		0.99199941769299727,
		0.10849590804636872,
		-0.064542957211732088,
		0.0,
		-0.10376863036344354,
		0.99195017305626754,
		0.072573580479147984,
		0.0,
		0.071897334090002291,
		-0.065295421821403341,
		0.99527246625775856,
		0.0,
		-0.14996586255581248,
		0.020936372154359686,
		0.61246462582844474,
		1.0
	],
	"intrinsic" : 
	{
		"height" : 1009,
		"intrinsic_matrix" : 
		[
			873.8196324184986,
			0.0,
			0.0,
			0.0,
			873.8196324184986,
			0.0,
			959.5,
			504.0,
			1.0
		],
		"width" : 1920
	},
	"version_major" : 1,
	"version_minor" : 0
}