{
	"class_name" : "PinholeCameraParameters",
	"extrinsic" : 
	[
		0.99311300320794815,
		0.10157390711496424,
		-0.058389248027460539,
		0.0,
		-0.097167447108937932,
		0.99251956017363829,
		0.07391488004982133,
		0.0,
		0.065460293931678903,
		-0.067732297068151273,
		0.99555375857961992,
		0.0,
		-0.17073326288900997,
		0.021688683017431334,
		0.60855222026372924,
		1.0
	],
	"intrinsic" : 
	{
		"height" : 1009,
		"intrinsic_matrix" : 
		[
			873.8196324184986,
			0.0,
			0.0,
			0.0,
			873.8196324184986,
			0.0,
			959.5,
			504.0,
			1.0
		],
		"width" : 1920
	},
	"version_major" : 1,
	"version_minor" : 0
}